waterlichaam;orde;aantal_meetplaatsen;jaren
'S HERTOGENGRACHT;L1;3;2011, 2023
AA I;VL;3;2007, 2009, 2010, 2013, 2017, 2018, 2019, 2020, 2023
AA II;VL;6;2007, 2009, 2010, 2013, 2014, 2018, 2019, 2020, 2023
AABEEK (MECHELEN);L1;3;2009, 2018
ABEEK;VL;14;2008, 2011, 2013, 2016, 2018, 2020, 2023
ABEEK L1;L1;4;2011, 2013, 2016, 2018, 2019, 2023
AFLEIDINGSKANAAL van de LEIE II + KANAAL van EEKLO - Bekken van de Gentse kanalen;VL;1;2007, 2010, 2016, 2019
AFLEIDINGSKANAAL van de LEIE II - Bekken van de Brugse polders;VL;3;2007, 2011, 2017, 2020
AFLEIDINGSKANAAL van de LEIE/SCHIPDONKKANAAL I;VL;2;2007, 2010
AFWATERINGSGRACHT;L1;2;2012, 2015, 2018
ALBERTKANAAL - Demerbekken;VL;2;2007
ALBERTKANAAL - Maasbekken;VL;1;2007
ANTITANKGRACHT NOORD;L1;7;2010, 2013, 2018, 2021
ANTITANKGRACHT ZUID;L1;3;2010, 2013, 2018
AREBEEK;L1;2;2010, 2016
ASBEEK;L1;5;2009, 2010, 2012, 2014, 2017, 2020, 2023
AVRIJEVAART + SLEIDINGSVAARDEKE;VL;3;2007, 2010, 2015, 2016, 2019
BABILLEBEEK;L1;2;2010, 2023
BARBIERBEEK;L1;3;2009, 2012, 2018, 2021
BAREBEEK;VL;3;2008, 2011, 2014, 2017, 2020, 2023
BAREBEEK L1;L1;3;2008, 2012, 2017, 2023
BAVEGEMSE BEEK;L1;3;2008, 2020
BEEK (VOEREN);L1;3;2011
BEEK - DE BUTH (TONGEREN);L1;3;2009, 2016
BEGGELBEEK;L1;2;2008, 2011, 2017
BEGIJNEBEEK L1;L1;2;2008
BEGIJNENBEEK;VL;4;2008, 2011, 2014, 2017, 2020
BELLEBEEK;VL;3;2008, 2011, 2014, 2017, 2020, 2023
BELLEBEEK L1;L1;3;2009, 2019
BENEDENVLIET;VL;3;2008, 2011, 2014, 2018, 2021
BENEDENVLIET L1;L1;1;2008, 2011, 2018, 2021
BERGEBEEK;L1;3;2010, 2020
BERGENVAART;VL;3;2007, 2010, 2014, 2018, 2021, 2022
BERWIJN;VL;3;2008, 2011, 2013, 2017, 2020
BEVERBEEK;L1;2;2013, 2017, 2023
BLANKAART WATERLOPEN;VL;3;2008, 2011, 2015, 2016, 2021
BLANKENBERGSE VAART + NOORDEDE;VL;3;2007, 2010, 2018, 2021
BLANKENBERGSEVAART L1;L1;2;2012, 2016, 2019
BLAUWPUTTEN EN LEILOOP;L1;3;2007, 2008, 2011, 2014, 2016, 2019, 2022
BLOKSTRAATBEEK;L1;1;2009, 2012, 2015, 2018, 2021
BOEREKREEK;L1;3;2013, 2018
BOERGONJEVAART;L1;3;2009
BOLLAERTBEEK;L1;2;2013, 2017
BOLLISENBEEK;L1;3;2009, 2014, 2017, 2019, 2021
BOMMELAREVAART;L1;1;2010, 2014
BOSBEEK;VL;5;2008, 2011, 2014, 2015, 2017, 2019, 2021
BOSBEEK - DIEPTELOOP;L1;3;2008, 2011, 2017, 2020, 2023
BOSBEEK L1;L1;1;2013, 2017, 2019, 2020
BOUWBEEK;L1;3;2008, 2011, 2021
BOVEN-SCHELDE I;VL;2;2008, 2010, 2013
BOVEN-SCHELDE II+III;VL;6;2007, 2008, 2010
BOVEN-SCHELDE IV;VL;3;2007, 2010, 2013
BRAKELEIKEN + LIEVE;VL;4;2007, 2008, 2010, 2012, 2014, 2017, 2020
BROENBEEK;L1;2;2012, 2021
BRUINBEEK;L1;3;2009
BURGGRAVENSTROOM;L1;3;2007, 2012, 2018
CICINDRIA;L1;3;2008
DALEMANSLOOP;L1;3;2009, 2012, 2017, 2023
DAMSLOOT;L1;2;2010, 2016
DE AA (RAVELS);L1;3;2007, 2010, 2013, 2016, 2023
DE AA - NATTENLOOP;L1;3;2008, 2011, 2013, 2020, 2023
DE DELFTE BEEK;L1;3;2009, 2012, 2014, 2017, 2020, 2023
DE GROTE LAAK;L1;3;2009, 2012
DE HULPE - ZWART WATER;VL;3;2008, 2011, 2015, 2017, 2019, 2021
DE RIJT;L1;1;2011, 2013, 2017, 2023
DEMER I;VL;3;2007, 2010, 2013, 2016, 2018, 2020, 2023
DEMER II;VL;4;2007, 2010, 2016, 2019, 2022
DEMER III+IV;VL;6;2007, 2009, 2010, 2013, 2016, 2019, 2022
DEMER L1;L1;5;2007, 2013, 2016, 2018, 2020, 2023
DEMER V;VL;3;2007, 2010, 2013, 2016, 2019, 2022
DEMER VI;VL;3;2007, 2010, 2021
DEMER VII;VL;3;2007, 2010, 2013, 2014, 2017, 2020, 2023
DENDER I;VL;2;2008, 2012
DENDER II+III;VL;5;2008, 2012
DENDER IV;VL;3;2008, 2012
DENDER V;VL;3;2007, 2010
DESSELSE NEET;L1;6;2009, 2012, 2017, 2020, 2023
DEVEBEEK;VL;3;2011, 2023
DEVEBEEK L1;L1;5;2009, 2023
DIEPE BEEK;L1;3;2011, 2021
DIJKGRACHT;L1;3;2011, 2018
DIJLE I;VL;6;2007, 2010, 2013, 2016, 2020, 2023
DIJLE II;VL;3;2007, 2010
DIJLE III;VL;3;2007
DIJLE IV;VL;3;2007, 2010, 2013, 2014, 2016, 2019, 2022
DIJLE V;VL;2;2007, 2009, 2010
DIJLE VI;VL;4;2007, 2009, 2010, 2017, 2020, 2022
DIKKEBUSBEEK;L1;3;2010, 2015
DOMMEL;VL;10;2007, 2009, 2010, 2011, 2013, 2015, 2016, 2018, 2021, 2023
DOMMEL L1;L1;2;2012, 2013, 2016, 2018, 2021
DONKSE BEEK;L1;3;2012, 2018, 2021
DOORLOOP;L1;3;2009, 2012, 2021
DORMAALBEEK;L1;3;2009, 2023
DOUVEBEEK;L1;3;2008, 2009, 2011
DUIVEBEEK;L1;1;2009
EDE;L1;3;2009, 2012, 2014
EEKLOSE WATERGANG;L1;3;2010, 2015
EINDERGATLOOP;L1;3;2012, 2017, 2019, 2021, 2022, 2023
EZELSBEEK;L1;3;2012
FONDATIEGRACHT;L1;2;2017, 2023
GAVERBEEK;L1;3;2013, 2018, 2022
GAVERBEEK I;VL;3;2008, 2011, 2019, 2022
GAVERBEEK II;VL;3;2008, 2011, 2020, 2022
GAVERSE BEEK (BECQUE DE NEUVILLE);L1;1;2011
GELEEDBEEK - PASSENDALEGELEED;L1;2;2012, 2017
GELUWEBEEK;L1;3;2010, 2012
GENOVEVABEEK;L1;3;2009, 2012, 2023
GENTSE BINNENWATEREN;VL;2;2008
GESTELBEEK;L1;3;2009, 2012
GETE I;VL;3;2007, 2011, 2018, 2021
GETE II;VL;3;2007, 2011, 2013, 2017, 2020, 2023
GOORBOSBEEK;L1;3;2012, 2022
GOORLOOP;L1;3;2009, 2012
GRANINGATEVLIET;L1;1;2008
GROEBENGRACHT;L1;3;2010, 2022
GRONDBEEK;L1;3;2009
GROOT SCHIJN;VL;3;2008, 2011, 2015, 2018, 2021
GROOT SCHIJN L1;L1;5;2008, 2011, 2015, 2018, 2021
GROOTEBEEK;L1;4;2009, 2019
GROOTGELEED;L1;3;2013, 2017
GROTE ASTBEEK;L1;1;2008, 2019
GROTE CALIE;L1;3;2008, 2011, 2017, 2020
GROTE GETE + BORGGRACHT;VL;3;2008, 2011, 2014, 2017, 2021
GROTE KEIGNAERT;L1;3;2010, 2015, 2016, 2020
GROTE KEMMELBEEK;VL;3;2008, 2011, 2014, 2016, 2021, 2022
GROTE LAAK;VL;3;2008, 2011, 2014, 2015, 2017, 2020, 2023
GROTE LAAK - GROTE LOOP - MESTENLOOP;L1;2;2009
GROTE LAAK L1;L1;3;2009, 2011, 2014, 2015, 2017, 2020, 2023
GROTE MOLENBEEK - DE VLIET;VL;3;2008, 2011, 2015, 2018, 2021
GROTE MOLENBEEK L1;L1;3;2009, 2011, 2015, 2018, 2021
GROTE MOTTE;L1;3;2009
GROTE NETE I;VL;5;2007, 2009, 2010, 2013, 2014, 2015, 2016, 2019, 2020, 2022
GROTE NETE II;VL;4;2007, 2010, 2014, 2015, 2016, 2019, 2020, 2021, 2022
GROTE NETE III;VL;3;2007, 2010, 2013, 2014, 2015, 2016, 2019, 2020, 2022
GROTE NETE L1;L1;3;2007, 2010, 2013, 2016, 2017, 2019, 2022
GROTE SPIERE;L1;1;2013, 2016
GROTE SPIEREBEEK;VL;3;2007, 2013, 2016, 2019
GROTEBEEK - WINTERBEEK;L1;3;2012, 2015, 2017, 2019, 2021
GULP;L1;3;2009, 2018
HANDZAMEVAART;VL;3;2008, 2011, 2021, 2023
HEERLESE LOOP;L1;3;2009, 2012, 2022
HEESWATER;L1;3;2012
HEIDEBEEK;VL;3;2008, 2011, 2014, 2022
HEIDEBEEK (VLETEREN);L1;2;2010, 2015, 2020
HELDERBEEK;L1;3;2012, 2020
HERK + KLEINE HERK;VL;3;2008, 2011, 2014, 2017, 2021
HERK L1;L1;4;2009, 2014, 2015, 2017, 2021
HERKEBEEK;L1;5;2008, 2009, 2014, 2015, 2021
HERSELTSELOOP;L1;3;2010, 2023
HERTSBERGEBEEK - GETEBEEK;L1;1;2010
HET GELEED;L1;1;2010, 2015
HEULEBEEK;VL;3;2009, 2011, 2016, 2021, 2022
HEULEBEEK L1;L1;3;2009, 2013, 2022
HOGE WATERING;L1;1;2012, 2019
HOLVENLOOP;L1;3;2009, 2015, 2017, 2019, 2021, 2023
HOOFDSLOOT;L1;3;2010, 2012, 2016, 2019
HORSTGATERBEEK;L1;3;2012, 2018
IEPERLEE;L1;3;2013, 2017
IEPERLEE + VERWEZEN KANAAL IEPER-KOMEN;VL;3;2008, 2011, 2015, 2018, 2020, 2023
IEPERLEED;VL;3;2008, 2011, 2019, 2023
IJSE L1;L1;3;2008, 2014, 2017, 2021, 2023
IJSSE;VL;4;2008, 2011, 2014, 2017, 2019, 2021
IJZER I;VL;3;2007, 2010
IJZER II;VL;3;2008
IJZER III;VL;3;2007, 2010
ISABELLASTROOM;L1;4;2008, 2010, 2016, 2023
ISABELLAVAART;VL;3;2008, 2011, 2015, 2017, 2020
ISABELLAWATERING;VL;2;2009, 2013, 2015, 2018, 2021
ITTERBEEK (DUFFEL);L1;3;2012
ITTERBEEK I;VL;3;2007, 2010, 2014, 2016, 2019, 2022
ITTERBEEK II;VL;2;2009, 2010, 2014, 2016, 2019, 2022
ITTERBEEK L1;L1;6;2008, 2009, 2014, 2019, 2022
JABBEEKSE BEEK;L1;3;2010
JEKER I;VL;9;2007, 2009, 2010, 2011, 2013, 2014, 2015, 2021
JEKER II;VL;2;2007, 2009, 2010, 2021
JOBEEK;L1;1;2009
KAATSBEEK;L1;3;2012, 2017
KALKENSE VAART;VL;4;2008, 2010, 2013, 2014, 2017, 2020, 2023
KALSIJDEADER;L1;1;2010
KANAAL BOSSUIT-KORTRIJK - Bovenscheldebekken;VL;1;2009, 2013, 2015, 2018, 2021
KANAAL BOSSUIT-KORTRIJK - Leiebekken;VL;2;2009, 2013, 2015, 2018, 2021
KANAAL CHARLEROI-BRUSSEL;VL;3;2007
KANAAL DESSEL-KWAADMECHELEN + KANAAL DESSEL-SCHOTEN + KANAAL BOCHOLT-HERENTALS - Benedenscheldebekken;VL;1;2008
KANAAL DESSEL-KWAADMECHELEN + KANAAL DESSEL-SCHOTEN + KANAAL BOCHOLT-HERENTALS - Netebekken;VL;6;2008
KANAAL DUINKERKE-NIEUWPOORT;VL;3;2007, 2008, 2010, 2018
KANAAL GENT-OOSTENDE I + COUPURE + VERBINDINGSKANAAL;VL;2;2007
KANAAL GENT-OOSTENDE II;VL;3;2007
KANAAL GENT-OOSTENDE III;VL;2;2008, 2009
KANAAL GENT-TERNEUZEN + GENTSE HAVENDOKKEN;VL;1;2007
KANAAL IEPER-IJZER;VL;3;2008, 2011, 2021
KANAAL LEUVEN-DIJLE;VL;3;2008
KANAAL PLASSENDALE-NIEUWPOORT;VL;3;2008
KANAAL ROESELARE-LEIE;VL;3;2008
KANAAL VAN BEVERLO;VL;2;2008
KANAAL VAN BRUGGE NAAR SLUIS;L1;3;2012, 2016, 2019
KANAAL VAN ESEN;L1;3;2013, 2018
KANAAL VAN STEKENE;L1;3;2009, 2019
KASSELRIJBEEK - WEST;L1;2;2010, 2022
KASTEELBEEK;L1;6;2009, 2023
KATTEBEEK;L1;2;2012, 2016, 2021
KEIBEEK;L1;2;2010, 2022
KEMMELBEEK;L1;3;2012, 2014, 2022
KERKBEEK;L1;2;2013, 2018
KERKEBEEK;VL;3;2008, 2011, 2015, 2018, 2020, 2023
KEUTELBEEK;L1;1;2012
KIKBEEK;L1;3;2012, 2016, 2022
KLEIN SCHIJN (NOORDELIJK DEEL);L1;4;2012, 2015, 2018, 2021
KLEIN SCHIJN (ZUIDELIJK DEEL);L1;2;2012, 2015, 2018
KLEIN WILBOEREBEEK;L1;4;2009, 2012, 2014, 2017, 2020, 2023
KLEINE A - WILDERTSE BEEK;L1;4;2007, 2010, 2016, 2019, 2023
KLEINE BEEK (WUUSTWEZEL);L1;3;2009, 2012, 2016, 2019, 2023
KLEINE BEEK (ZANDHOVEN);L1;3;2012, 2014, 2017, 2020, 2023
KLEINE GETE + VLOEDGRACHT;VL;3;2007, 2010, 2014, 2021
KLEINE GEUL;L1;2;2009, 2014
KLEINE HERK L1;L1;3;2012, 2018
KLEINE HOOFDGRACHT;L1;3;2010, 2013, 2014, 2017, 2020
KLEINE LAAK;L1;3;2009, 2011, 2014, 2020, 2023
KLEINE MAALBEEK;L1;1;2009
KLEINE MARK;L1;3;2009, 2012, 2019, 2022
KLEINE NETE I;VL;2;2007, 2010, 2013, 2016, 2019, 2022
KLEINE NETE II;VL;6;2007, 2009, 2010, 2013, 2016, 2017, 2019, 2022
KLEINE NETE L1;L1;4;2007, 2008, 2009, 2010, 2013, 2016, 2019, 2022
KLEINE WATERGANG;L1;3;2013, 2018
KLEINEBEEK - RIJSELSESTRAATVLIET;L1;3;2012, 2013, 2021
KOEVAARDEKEN;L1;3;2012, 2017, 2021
KORVERSBEEK;L1;1;2013, 2018, 2021
KOUDE BEEK;L1;3;2012, 2018, 2021
KREKELBEEK;L1;3;2009, 2012, 2020
KROMMEBEEK;L1;1;2010, 2023
KROMMEDIJKBEEK;L1;2;2012, 2023
LA HAUTE PLANCHE;L1;1;2008, 2011
LAAKBEEK;L1;3;2009, 2012, 2017, 2020
LAAMBEEK;L1;3;2012, 2022
LAAN;VL;3;2007, 2010, 2013, 2016, 2018, 2020, 2023
LAARBEEK;L1;3;2011, 2017
LAARSE BEEK;L1;4;2009, 2012, 2015, 2018, 2021
LACHENEBEEK;L1;3;2009, 2012, 2019, 2022
LANGEGRACHT;L1;2;2010, 2018, 2021
LANGELEDE;L1;3;2008, 2014, 2020
LANGGELEED;L1;3;2010, 2015, 2022
LARUMSE LOOP;L1;2;2009, 2012, 2017, 2020, 2023
LEDE;VL;3;2009, 2013, 2015, 2018, 2021
LEEBEEK;L1;3;2013, 2018
LEIBEEK - LAAKBEEK;VL;3;2009, 2012, 2017, 2020, 2023
LEIBEEK - LIPSEBEEK L1;L1;3;2009
LEIE I;VL;3;2007, 2010
LEIE II;VL;3;2008
LEIE III;VL;3;2008
LEMINGSBEEK;L1;3;2011, 2023
LEOPOLDKANAAL I;VL;4;2007, 2008, 2010, 2013, 2016, 2019, 2023
LEOPOLDKANAAL II;VL;3;2007, 2011, 2017
LEYBEEK;L1;3;2012
LEYLOOP;L1;3;2007, 2010, 2013, 2016, 2019
LIJSTERBEEK;L1;2;2013, 2018
LISSEWEEGSEVAART;L1;1;2012, 2016
LOEIJENS NEETJE;L1;5;2008, 2011, 2014, 2017, 2020
LOKANAAL;VL;3;2008, 2011, 2019, 2022
LOSSING;VL;3;2007, 2010, 2013, 2016, 2019, 2022
LOSSING L1;L1;2;2007, 2013, 2016, 2022
LOTBEEK;L1;3;2012, 2023
LOZERBROEKBEEK;L1;3;2012
MAALBEEK (LEIEBEKKEN);L1;3;2009, 2022
MAALBEEK - AMELVONNEBEEK;L1;3;2011, 2015, 2021
MAANBEEK;L1;4;2009, 2011, 2017, 2023
MAAS I+II+III;VL;4;2007, 2008, 2010
MANDEL I;VL;3;2008, 2011, 2023
MANDEL II;VL;3;2008, 2011, 2023
MANDEL L1;L1;3;2009, 2023
MANGELBEEK;VL;4;2008, 2011, 2014, 2017, 2020, 2023
MANGELBEEK L1;L1;3;2007, 2019
MARK (Denderbekken);VL;3;2009, 2013, 2015, 2017, 2021
MARK (Maas);VL;4;2007, 2010, 2013, 2016, 2019, 2022
MARK L1;L1;3;2007, 2010, 2016, 2019, 2022
MARTJEVAART;VL;3;2008, 2011, 2019
MARTJEVAART - LEKKERBOTERBEEK;L1;3;2009
MELSENBEEK;L1;3;2013, 2019
MELSTERBEEK I+II;VL;6;2008, 2011, 2017, 2020, 2023
MELSTERBEEK L1;L1;4;2009, 2017
MENE;L1;3;2012, 2023
MEREBEEK;L1;3;2007, 2010, 2013, 2016, 2019
MEREBEEK + BORISGRACHT + LIEVE;VL;2;2007, 2010, 2013, 2016, 2019
MERKSKE;VL;4;2007, 2010, 2011, 2013, 2016, 2019, 2022
MERKSKE L1;L1;3;2007, 2009, 2012, 2016, 2019, 2022
MILLEGEMLOOP;L1;3;2010, 2014, 2021
MOERDIJKVAART;VL;3;2008, 2011, 2015, 2018, 2019, 2023
MOERDIJKVAART L1;L1;3;2013, 2019
MOERVAART;VL;3;2009, 2013, 2015, 2018, 2021
MOL NEET;VL;3;2008, 2011, 2015, 2020, 2023
MOLENBEEK (RONSE);L1;3;2009, 2021
MOLENBEEK (SINT-TRUIDEN);L1;3;2009, 2018
MOLENBEEK - BEIAARDBEEK;L1;3;2009, 2021
MOLENBEEK - BEVERBEEK;L1;3;2011, 2017, 2023
MOLENBEEK - BOLLAAK;VL;3;2007, 2010, 2013, 2017, 2020, 2023
MOLENBEEK - BOLLAAK L1;L1;3;2008, 2011, 2014, 2017, 2020, 2023
MOLENBEEK - GONDEBEEK;L1;2;2009, 2021
MOLENBEEK - GRAADBEEK;L1;3;2008, 2020
MOLENBEEK - GROTE BEEK;L1;3;2013, 2017, 2023
MOLENBEEK - GROTE BEEK;VL;3;2008, 2012, 2017, 2020, 2023
MOLENBEEK - KALSTERBEEK;L1;3;2009, 2013, 2018
MOLENBEEK - KOTTEMBEEK;VL;3;2008, 2013, 2017, 2020
MOLENBEEK - LAKEBEEK;L1;3;2009, 2012, 2015
MOLENBEEK - MAARKEBEEK;VL;3;2009, 2013, 2017, 2021
MOLENBEEK - MARKEBEEK;L1;4;2009, 2010, 2015, 2021
MOLENBEEK - NEERPEDEBEEK;L1;3;2022
MOLENBEEK - PACHTBOSBEEK;VL;3;2008, 2011, 2017, 2020, 2023
MOLENBEEK - PACHTBOSBEEK L1;L1;3;2009, 2019
MOLENBEEK - PARKBEEK;L1;3;2008, 2012, 2023
MOLENBEEK - SLAGVIJVERBEEK;L1;3;2009, 2019, 2022
MOLENBEEK - TER ERPENBEEK;VL;3;2009, 2013, 2018, 2021
MOLENBEEK - VOGELENZANGBEEK;L1;2;2010, 2016
MOLENBEEK - ZIJP;L1;3;2010, 2021
MOLSE NETE L1;L1;3;2008, 2011, 2014, 2020, 2023
MOMBEEK;VL;3;2008, 2011, 2014, 2016, 2018, 2020, 2023
MOMBEEK L1;L1;3;2009, 2014, 2015, 2017, 2020, 2023
MOUBEEK;L1;3;2009
MUNSTERBEEK;VL;3;2008, 2011, 2014, 2016, 2018, 2020, 2023
MUNSTERBEEK L1;L1;3;2008, 2009, 2014, 2016, 2018, 2021, 2023
MUNTLOOP;L1;3;2009, 2012, 2016, 2019, 2022
NEERBEEK;L1;2;2013, 2018
NEERSCHUURBEEK;L1;3;2010, 2016
NETEKANAAL;VL;3;2008
NETHEN;VL;2;2007, 2010, 2016, 2019, 2022
NIEUWE GRACHT;L1;2;2012, 2018, 2022
NIEUWE KALE;VL;3;2008, 2013, 2017, 2020
NOORD-ZUIDVERBINDING;VL;4;2008, 2011, 2015, 2018, 2021
NOORDELIJKE RINGVAART;VL;2;2009
OOSSEBEEK;L1;3;2013, 2017, 2023
OOSTENDS KREKENGEBIED;VL;3;2009, 2011, 2014, 2017, 2020, 2023
OOSTKERKEVAART;L1;3;2009, 2014
OOSTPOLDERKREEK;L1;3;2010, 2016
OPHASSELTBEEK;L1;3;2009, 2019
OUDE AVAART;L1;3;2012, 2017
OUDE DENDER;L1;3;2008, 2014, 2020
OUDE KALE;VL;5;2009, 2010, 2013, 2015, 2017, 2021
OUDE MANDEL;VL;3;2008, 2011, 2020
OUDE MANDEL L1;L1;3;2008, 2012, 2021
PALINGBEEK;L1;2;2010
PAPENMEERSBEEK;L1;3;2008, 2020
PEERDESTOKBEEK;L1;3;2020
PLAATSBEEK;L1;2;2013, 2018
PLATTE BEEK;L1;3;2009, 2012, 2017
POEKEBEEK;VL;3;2009, 2013, 2017, 2021
POEKEBEEK L1;L1;3;2009, 2021
POPERINGEVAART;VL;3;2007, 2010, 2014, 2015, 2016, 2020
POVERSBEEK;L1;2;2013, 2018
PRINSENLOOP;L1;3;2009
PROVINCIEGELEED;L1;2;2012, 2017, 2020
REEHAGENBEEK;L1;3;2009
REIGERBEEK;L1;2;2010, 2016
RIJTGRACHT;L1;3;2008, 2020
RINGBEEK;L1;2;2010
RINGSLOT;L1;3;2008, 2009, 2011, 2015
RIVIERBEEK;L1;1;2013
RIVIERBEEK + HERTSBERGEBEEK;VL;3;2008, 2011, 2016, 2020
RODE LOOP;L1;3;2007, 2008, 2009, 2010, 2013, 2017, 2020, 2023
RONE;VL;1;2009, 2013, 2018, 2021
RONSELAREBEEK;L1;1;2013, 2018, 2021
ROOBEEK;L1;3;2013, 2018, 2023
S HERTOGENDIJKSE BEEK;L1;3;2012, 2015, 2018
SCHEEBEEK;L1;3;2013, 2018
SCHEIBEEK;L1;3;2008, 2014, 2020
SCHEPPELIJKE NETE;L1;3;2009, 2011, 2017, 2023
SCHERPENBERGLOOP;L1;3;2009, 2012, 2014, 2017, 2020, 2023
SCHOON SCHIJN;L1;4;2012, 2015, 2018, 2021
SCHOORBROEKBEEK;L1;3;2007, 2016
SCHULENSMEER;VL;3;2020
SLANGBEEK;L1;9;2009, 2012, 2017, 2021, 2022
SLEIDINGSVAARDEKEN;L1;3;2009, 2015, 2021
SLIJKVAART;L1;3;2010, 2015
SLUISKENSVIJVER;L1;1;2009, 2012, 2016, 2019, 2023
SOERBEEK;L1;3;2012, 2014, 2021
SPEIBEEK;L1;3;2010, 2012, 2021
SPILLEBEEK;L1;3;2007, 2016, 2019
ST-MACHUITSBEEK;L1;2;2012, 2016, 2019
ST-ODULPHUSBEEK;L1;3;2010, 2022
ST. TRUDOLEKEN;L1;3;2009, 2014
STAMPKOTBEEK;VL;3;2009, 2013, 2018, 2021
STAMPKOTBEEK - MOLENBEEK;L1;3;2013, 2017, 2023
STAMPKOTBEEK - MUNKBOSBEEK;L1;3;2013, 2018
STAMPKOTBEEK - WALLEBEEK;L1;2;2009, 2021
STAPKENSLOOP;L1;1;2008, 2011, 2017, 2020
STEENGRACHT;L1;3;2010, 2015, 2020
STEENKENSBEEK;L1;3;2011, 2020
STEENLAAK;L1;3;2012, 2017
STEENVOORDBEEK (TERNAT);L1;3;2013, 2018
STEENVOORDEBEEK (WATOU);L1;3;2008, 2009, 2013
STEGERSZWIN;L1;3;2009, 2014
STENENSLUISVAART;L1;3;2009
STIEMER;L1;5;2007
TANGEBEEK;L1;3;2011, 2018
TAPPELBEEK;L1;5;2009, 2012, 2014, 2017, 2020, 2023
TER ERPENBEEK;L1;3;2009, 2019
TOERISTISCHE LEIE;VL;3;2008, 2011, 2019
VAARTDIJKGELEED;L1;1;2012, 2018
VARENDONKSE BEEK;L1;3;2007, 2011
VELPE;VL;4;2008, 2011, 2013, 2017, 2020, 2023
VELPE L1;L1;3;2008, 2009, 2013
VERLEGDE SCHIJN - HOOFDGRACHT;VL;2;2008, 2011, 2021
VERLEGDE SCHIJN - VOORGRACHT;VL;4;2008, 2011, 2018, 2021
VEURNE AMBACHT POLDER WATERLOPEN;VL;3;2007, 2008, 2010, 2011, 2015, 2017, 2020
VIJVERSLOOP;L1;3;2012
VISBEEK;L1;2;2011, 2020
VLADSLOVAART;VL;3;2008, 2011, 2015, 2016, 2017, 2021, 2023
VLETERBEEK;L1;2;2012, 2014, 2020
VOER (BERTEM);L1;3;2008, 2011, 2014, 2017, 2020, 2022
VOER (Leuven);VL;3;2008, 2011, 2017, 2020, 2022
VOER (VOEREN);L1;3;2008, 2013, 2022
VONDELBEEK;VL;3;2008, 2011, 2017, 2020
VONDELBEEK L1;L1;3;2009, 2021
VOORSTESLOOT;L1;1;2009, 2015, 2021
VROUWVLIET;VL;3;2008, 2011, 2018, 2020, 2023
VROUWVLIET L1;L1;3;2008, 2012
VUNT;VL;3;2008, 2011, 2014, 2017, 2021
WAMP;VL;1;2007, 2010, 2013, 2017, 2020, 2023
WAMP L1;L1;3;2008, 2011, 2013, 2017, 2020, 2023
WANTEBEEK;L1;3;2013, 2018
WARMBEEK;VL;7;2007, 2010, 2011, 2013, 2016, 2018, 2020, 2022, 2023
WARMBEEK L1;L1;3;2007, 2009, 2010, 2012, 2013, 2016, 2021, 2023
WATERGANG VAN DE MOERBEKEPOLDER;L1;3;2013, 2018
WATERLOOP VAN DE HOGE LANDEN + MELKADER;VL;4;2008, 2011, 2015, 2021
WATERLOOP VAN DE HOGE LANDEN L1;L1;3;2009, 2012, 2015, 2021
WEERIJSEBEEK;VL;3;2007, 2010, 2016, 2019, 2022
WEERIJSEBEEK L1;L1;3;2007, 2010, 2016, 2019, 2023
WEESBEEK;VL;4;2008, 2011, 2014, 2017, 2019, 2023
WEESBEEK L1;L1;7;2008, 2009, 2014
WEHAGENBEEK;L1;3;2009, 2012, 2016, 2019, 2023
WESTELIJKE RINGVAART;VL;3;2010
WEZELSE BEEK;L1;3;2009, 2012, 2015, 2018, 2021
WILDEBEEK;L1;3;2010, 2016, 2023
WILDERBEEK;L1;3;2022, 2023
WIMP;VL;3;2008, 2011, 2014, 2017, 2020, 2023
WIMP L1;L1;3;2009, 2011, 2017, 2023
WINGE;VL;3;2008, 2011, 2014, 2017, 2020
WINGE L1;L1;3;2008, 2014
WINTERBEEK (BILZEN);L1;3;2007, 2016, 2019, 2022
WINTERBEEK (KORTESSEM);L1;2;2012, 2017, 2023
WITBEEK;L1;3;2012, 2017
WOLUWE;VL;6;2007, 2009, 2010, 2013, 2017, 2020, 2023
ZANDERBEEK;L1;3;2007, 2016
ZARRENBEEK;VL;1;2007, 2010, 2022
ZARRENBEEK L1;L1;3;2012, 2022
ZEEKANAAL BRUSSEL-SCHELDE - Benedenscheldebekken;VL;1;2008
ZELEBEEK;L1;3;2009, 2019
ZENNE I;VL;4;2007, 2010, 2013, 2016, 2019, 2022
ZENNE II;VL;4;2007, 2009, 2010, 2013, 2016, 2019, 2022
ZIELBEEK - BOSBEEK;VL;3;2008, 2011, 2018, 2021
ZIELBEEK - BOSBEEK L1;L1;3;2008, 2011, 2018, 2021
ZIEPBEEK;L1;2;2009
ZIJDELINGSGELEED;L1;3;2010, 2015, 2019
ZILVERBEEK;L1;3;2010, 2018
ZONDERIKBEEK;L1;3;2008, 2009, 2018
ZOUBEEK;L1;2;2010, 2012, 2015
ZOUW;L1;3;2012
ZUID-WILLEMSVAART + KANAAL BOCHOLT-HERENTALS (deels) + KANAAL BRIEGDEN-NEERHAREN;VL;3;2007, 2010
ZUIDELIJKE WATERGANG;L1;3;2008, 2011, 2018, 2021
ZUIDERVAARTJE;VL;3;2008, 2011, 2021, 2023
ZUIDLEDE;VL;3;2008, 2013, 2015, 2017, 2020, 2023
ZUTENDAALBEEK;L1;1;2012, 2018
ZUUNBEEK;VL;3;2009, 2012, 2016, 2019, 2022
ZUUNBEEK L1;L1;3;2009, 2019, 2022
ZWALM;VL;3;2008, 2012, 2017, 2020
ZWALMBEEK;L1;3;2009, 2015, 2021
ZWARTE BEEK (WILLEBROEK);L1;3;2009, 2012, 2021
ZWARTE SPIEREBEEK;VL;3;2008, 2013, 2018, 2020
ZWARTEBEEK;VL;7;2007, 2010, 2013, 2015, 2016, 2017, 2018, 2019, 2020, 2022, 2023
ZWARTEBEEK (SCHERPENHEUVEL-ZICHEM);L1;3;2012, 2015, 2021
ZWARTEBEEK L1;L1;4;2007, 2013, 2016, 2018, 2019
ZWARTESLUISBEEK;VL;3;2008, 2012, 2014, 2017, 2020, 2023
ZWARTESLUISBEEK L1;L1;3;2010, 2016
ZWARTWATER;VL;3;2008, 2011, 2014, 2017, 2020, 2023
ZWINNEVAART;VL;3;2008, 2011, 2015, 2018, 2022
NA;L2;55;2007, 2008, 2009, 2010, 2011, 2012, 2013, 2014, 2015, 2016, 2017, 2018, 2019, 2021, 2022, 2023
